Name;3-letter Code;1-letter Code;pKa side chain ;Charge at pH = 7;H-bond Donor (pH 7);H-bond-acceptor (pH 7);Aromaticity;Residue weight (- H2O);Uniqueness;Bulkiness;Flexibility;Polarity (Grantham R.);Polarity (Zimmerman J.M., Eliezer N., Simha R.);Hydrophobicity index at pH 2 (rel. to G);Hydrophobicity index at pH 7 (rel. to G);Optimized matching hydrophobicity;Hydrophobicity (Abraham D.J., Leo A.J.);Hydrophobicity (Guy H. R.);Hydrophobicity (Roseman M. A.);Hydrophobicity (Tanford C.);Hydrophilicity (Hopp T.P., Woods K.R.);Recognition factor;Antigenicity value
Alanine;Ala;A;NA;0;0;0;0;71.08;0;11.5;0.36;8.1;0.00;47;41;-0.40;0.44;0.10;0.39;0.62;-0.5;78;1.15e-1
Arginine;Arg;R;12.48;1;1;0;0;156.19;0;14.28;0.53;10.5;52.00;-26;-14;-0.59;-2.42;1.91;-3.95;-2.53;3.0;95;0.58e-1
Asparagine;Asn;N;NA;0;1;1;0;114.11;0;12.82;0.46;11.6;3.38;-41;-28;-0.92;-1.32;0.48;-1.91;-0.78;0.2;94;-0.77e-1
Aspartic Acid;Asp;D;3.65;-1;0;1;0;115.09;0;11.68;0.51;13.0;49.70;-18;-55;-1.31;-0.31;0.78;-3.81;-0.09;3.0;81;0.65e-1
Cysteine;Cys;C;8.18;0;0;0;0;103.15;0;13.46;0.35;5.5;1.48;52;49;0.17;0.58;-1.42;0.25;0.29;-1.0;89;-0.12
Glutamic Acid;Glu;E;4.25;-1;0;1;0;129.12;0;13.57;0.50;12.3;49.90;8;-31;-1.22;-0.34;0.83;-2.91;-0.74;3.0;78;-0.71e-1
Glutamine;Gln;Q;NA;0;1;1;0;128.13;0;14.45;0.49;10.5;3.53;-18;-10;-0.91;-0.71;0.95;-1.30;-0.85;0.2;87;-0.11e-1
Glycine;Gly;G;NA;0;0;0;0;57.05;1;3.40;0.54;9.0;0.00;0;0;-0.67;0.00;0.33;0.00;0.48;0.0;84;-1.84e-1
Histidine;His;H;6.00;0;1;1;1;137.14;0;13.69;0.32;10.4;51.6;-42;8;-0.64;-0.01;-0.50;-0.64;-0.40;-0.5;84;3.12e-1
Isoleucine;Iso;I;NA;0;0;0;0;113.16;0;21.40;0.46;5.2;0.13;100;99;1.25;2.46;-1.13;1.82;1.38;-1.8;88;-2.92e-1
Leucine;Leu;L;NA;0;0;0;0;113.16;0;21.40;0.37;4.9;0.13;100;97;1.22;2.46;-1.18;1.82;1.53;-1.8;85;0.75e-1
Lysine;Lys;K;10.53;1;1;0;0;128.18;0;15.71;0.47;11.3;49.5;-37;-23;-0.67;-2.45;1.40;-2.77;-1.50;3.0;87;2.06e-1
Methionine;Met;M;NA;0;0;0;0;131.20;0;16.25;0.30;5.7;1.43;74;74;1.02;1.10;-1.59;0.96;0.64;-1.3;80;-3.85e-1
Phenylalanine;Phe;F;NA;0;0;0;1;147.18;0;19.80;0.31;5.2;0.35;92;100;1.92;2.54;-2.12;2.27;1.19;-2.5;81;-1.41e-1
Proline;Pro;P;NA;0;0;0;0;97.12;1;17.43;0.51;8.0;1.58;-46;NA;-0.49;1.29;0.73;0.99;0.12;0.0;91;-0.53e-1
Serine;Ser;S;NA;0;1;1;0;87.08;0;9.47;0.51;9.2;1.67;-7;-5;-0.55;-0.84;0.52;-1.24;-0.18;0.3;107;-0.26e-1
Threonine;Thr;T;NA;0;1;1;0;101.11;0;15.77;0.44;8.6;1.66;13;13;-0.28;-0.41;0.07;-1.00;-0.05;-0.4;93;-0.45e-1
Tryptophan;Trp;W;NA;0;1;0;1;186.22;0;21.67;0.31;5.4;2.10;84;97;0.50;2.56;-0.51;2.13;0.81;-3.4;104;-1.14e-1
Tyrosine;Tyr;Y;10.07;0;1;1;1;163.18;0;18.03;0.42;6.2;1.61;49;63;1.67;1.63;-0.21;1.47;0.26;-2.3;84;0.13e-1
Valine;Val;V;NA;0;0;0;0;99.13;0;21.57;0.39;5.9;0.13;79;76;0.91;1.73;-1.27;1.30;1.80;-1.5;89;-0.13e-1